{
  "execPath": "C:/Users/navid/.platformio/packages/toolchain-atmelavr/bin/avr-g++.exe",
  "gccDefaultCFlags": "-fsyntax-only -std=gnu11 -fno-fat-lto-objects -g -Os -Wall -ffunction-sections -fdata-sections -flto -mmcu=atmega32u4 -DF_CPU=16000000L -DPLATFORMIO=30201 -DARDUINO_ARCH_AVR -DARDUINO_AVR_LEONARDO -DARDUINO=10612 -DUSB_VID=0x2341 -DUSB_PID=0x0036 -DUSB_PRODUCT=\"Arduino\\ Leonardo\" -DUSB_MANUFACTURER=\"Arduino\"",
  "gccDefaultCppFlags": "-fsyntax-only -fno-exceptions -fno-threadsafe-statics -fpermissive -std=gnu++11 -g -Os -Wall -ffunction-sections -fdata-sections -flto -mmcu=atmega32u4 -DF_CPU=16000000L -DPLATFORMIO=30201 -DARDUINO_ARCH_AVR -DARDUINO_AVR_LEONARDO -DARDUINO=10612 -DUSB_VID=0x2341 -DUSB_PID=0x0036 -DUSB_PRODUCT=\"Arduino\\ Leonardo\" -DUSB_MANUFACTURER=\"Arduino\"",
  "gccErrorLimit": 15,
  "gccIncludePaths": "C:/Users/navid/.platformio/packages/framework-arduinoavr/cores/arduino,C:/Users/navid/.platformio/packages/framework-arduinoavr/variants/leonardo,C:/Users/navid/Documents/micro lab/exam/src,C:/Users/navid/.platformio/packages/framework-arduinoavr/libraries/Bridge/src,C:/Users/navid/.platformio/packages/framework-arduinoavr/libraries/EEPROM/src,C:/Users/navid/.platformio/packages/framework-arduinoavr/libraries/Esplora/src,C:/Users/navid/.platformio/packages/framework-arduinoavr/libraries/Ethernet/src,C:/Users/navid/.platformio/packages/framework-arduinoavr/libraries/Firmata,C:/Users/navid/.platformio/packages/framework-arduinoavr/libraries/Firmata/utility,C:/Users/navid/.platformio/packages/framework-arduinoavr/libraries/GSM/src,C:/Users/navid/.platformio/packages/framework-arduinoavr/libraries/HID/src,C:/Users/navid/.platformio/packages/framework-arduinoavr/libraries/Keyboard/src,C:/Users/navid/.platformio/packages/framework-arduinoavr/libraries/LiquidCrystal/src,C:/Users/navid/.platformio/packages/framework-arduinoavr/libraries/Mouse/src,C:/Users/navid/.platformio/packages/framework-arduinoavr/libraries/RobotIRremote/src,C:/Users/navid/.platformio/packages/framework-arduinoavr/libraries/Robot_Control/src,C:/Users/navid/.platformio/packages/framework-arduinoavr/libraries/Robot_Motor/src,C:/Users/navid/.platformio/packages/framework-arduinoavr/libraries/SD/src,C:/Users/navid/.platformio/packages/framework-arduinoavr/libraries/SPI/src,C:/Users/navid/.platformio/packages/framework-arduinoavr/libraries/SPI1/src,C:/Users/navid/.platformio/packages/framework-arduinoavr/libraries/Scheduler/src,C:/Users/navid/.platformio/packages/framework-arduinoavr/libraries/Servo/src,C:/Users/navid/.platformio/packages/framework-arduinoavr/libraries/SoftwareSerial/src,C:/Users/navid/.platformio/packages/framework-arduinoavr/libraries/SpacebrewYun/src,C:/Users/navid/.platformio/packages/framework-arduinoavr/libraries/Stepper/src,C:/Users/navid/.platformio/packages/framework-arduinoavr/libraries/TFT/src,C:/Users/navid/.platformio/packages/framework-arduinoavr/libraries/Temboo/src,C:/Users/navid/.platformio/packages/framework-arduinoavr/libraries/USBHost/src,C:/Users/navid/.platformio/packages/framework-arduinoavr/libraries/WiFi/src,C:/Users/navid/.platformio/packages/framework-arduinoavr/libraries/Wire/src,C:/Users/navid/.platformio/packages/framework-arduinoavr/libraries/Wire1/src,C:/Users/navid/.platformio/packages/toolchain-atmelavr/avr/include,C:/Users/navid/.platformio/packages/toolchain-atmelavr/lib/gcc/avr/4.9.2/include,C:/Users/navid/.platformio/packages/toolchain-atmelavr/lib/gcc/avr/4.9.2/include-fixed",
  "gccSuppressWarnings": false
}
